,country,continent,total_confirmed,total_deaths,total_recovered,active_cases,serious_or_critical,total_cases_per_1m_population,total_deaths_per_1m_population,total_tests,total_tests_per_1m_population,population,vaccines,people_vaccinated,people_vaccinated_per_hundred,people_fully_vaccinated,people_fully_vaccinated_per_hundred,total_vaccinations_per_hundred,total_vaccinations,percentage_vaccinated,tested_positive,confirmed_rate,death_rate,death_rate2,active_cases_rate,serious_rate,fully_vaccintated_rate
0,Afghanistan,Asia,66275,2812.0,56035,7428,1124.0,1669,71.0,446456.0,11244.0,39705801,"Oxford/AstraZeneca, Pfizer/BioNTech, Sinopharm/Beijing",448878.0,1.15,55624.0,0.14,1.3,504502.0,1.270600232948329,14.84468794237282,0.16691515680542499,4.242927197284044,0.007082088584486685,0.018707593885336805,0.002830820614851719,0.14009036110365838
1,Albania,Europe,132209,2444.0,128732,1033,18.0,45986,850.0,696434.0,242239.0,2874990,"Oxford/AstraZeneca, Pfizer/BioNTech, Sinovac, Sputnik V",460191.0,15.99,228756.0,7.95,23.94,688947.0,23.96345726419918,18.98370843468297,4.598589908138811,1.8485882201665544,0.08500899133562204,0.035930559758468726,0.0006260891342230756,7.956758110462993
2,Algeria,Africa,126860,3418.0,88346,35096,18.0,2847,77.0,230861.0,5182.0,44554310,Sputnik V,,,,,0.17,75000.0,0.168333882849942,54.95081455941021,0.2847311517112486,2.6943086867412895,0.007671536154414691,0.07877127936668753,4.0400131883986085e-05,
3,Andorra,Europe,13569,127.0,13234,208,12.0,175367,1641.0,193595.0,2502036.0,77375,"Oxford/AstraZeneca, Pfizer/BioNTech",26931.0,34.86,4702.0,6.09,40.94,31633.0,40.8827140549273,7.00896200831633,17.536672051696286,0.9359569607192866,0.1641357027463651,0.2688206785137318,0.015508885298869143,6.076898222940226
4,Angola,Africa,32441,725.0,26778,4938,11.0,961,21.0,553070.0,16377.0,33770175,Oxford/AstraZeneca,606287.0,1.84,75215.0,0.23,2.07,681502.0,2.0180588344596972,5.865622796391054,0.09606405652324869,2.234826300052403,0.0021468648000787676,0.01462237018315718,3.257312110464337e-05,0.2227261185350683
5,Anguilla,North America,109,,107,2,,7208,,21979.0,1453445.0,15122,Oxford/AstraZeneca,8811.0,58.73,4424.0,29.49,88.22,13235.0,87.52149186615526,0.4959279312070613,0.7208041264383018,,,0.013225763787858748,,29.255389498743554
6,Antigua And Barbuda,North America,1257,42.0,1192,23,2.0,12742,426.0,16700.0,169284.0,98651,,,,,,,,,7.526946107784431,1.274188807006518,3.341288782816229,0.04257432768040871,0.023314512777366677,0.0020273489371623195,
7,Argentina,South America,3539484,74063.0,3106949,358472,6214.0,77680,1625.0,13187035.0,289410.0,45565172,"Oxford/AstraZeneca, Sinopharm/Beijing, Sputnik V",8279961.0,18.32,2103964.0,4.66,22.98,10383925.0,22.789171080052107,26.84063551814339,7.767959265028122,2.0924801468236613,0.16254300543406267,0.7867236844842811,0.01363760900540439,4.617482844133673
8,Armenia,Asia,221948,4392.0,211057,6499,,74776,1480.0,1060108.0,357157.0,2968187,"Oxford/AstraZeneca, Sinovac, Sputnik V",19249.0,0.65,,,0.65,19249.0,0.6485103532897355,20.93635742773378,7.477561218346418,1.9788418908933625,0.14796911380583502,0.21895520733700405,,
9,Aruba,North America,10917,107.0,10743,67,14.0,101866,998.0,161649.0,1508342.0,107170,Pfizer/BioNTech,58683.0,54.96,37324.0,34.96,89.92,96007.0,89.58383876084726,6.753521518846389,10.186619389754595,0.9801227443436842,0.09984137351870859,0.06251749556778949,0.013063357282821686,34.82691051600261
10,Australia,Australia/Oceania,30019,910.0,29000,109,1.0,1165,35.0,17881036.0,694053.0,25763214,"Oxford/AstraZeneca, Pfizer/BioNTech",159294.0,0.62,,,12.48,3183324.0,12.356082591248125,0.16788177150361983,0.1165188473767287,3.0314134381558344,0.003532167997362441,0.0004230838590247319,3.88150329380488e-06,
11,Austria,Europe,641380,10546.0,622889,7945,236.0,70853,1165.0,38877709.0,4294827.0,9052217,"Johnson&Johnson, Moderna, Oxford/AstraZeneca, Pfizer/BioNTech",3064524.0,34.03,1129198.0,12.54,46.39,4178215.0,46.15681440248284,1.6497371282860316,7.085336111584598,1.644267049175216,0.11650184700609806,0.08776855437734203,0.0026070961400947415,12.474270115265686
12,Azerbaijan,Asia,332454,4860.0,320708,6886,,32528,476.0,3453244.0,337872.0,10220581,"Oxford/AstraZeneca, Sinovac",1054414.0,10.4,808878.0,7.98,18.38,1863292.0,18.23078355330289,9.62729537791132,3.2527896408237456,1.46185637712285,0.04755111279877338,0.06737386064451717,,7.914207616964241
13,Bahamas,North America,11396,222.0,10221,953,8.0,28735,560.0,94058.0,237167.0,396590,Oxford/AstraZeneca,36000.0,9.15,,,9.15,36000.0,9.077384704606771,12.11592846966765,2.8734965581582994,1.948051948051948,0.05597720567840843,0.2402985450969515,0.002017196601023727,
14,Bahrain,Asia,218047,820.0,194885,22342,186.0,124328,468.0,4489530.0,2559887.0,1753800,"Oxford/AstraZeneca, Pfizer/BioNTech, Sinopharm/Beijing, Sputnik V",861398.0,50.62,657975.0,38.67,89.29,1519373.0,86.63319648762686,4.856789018004112,12.432831565742958,0.37606571060367716,0.046755616375869544,1.2739194891093626,0.010605542251111872,37.51710571330825
15,Bangladesh,Asia,789080,12376.0,730697,46007,1213.0,4749,74.0,5820612.0,35032.0,166150458,Oxford/AstraZeneca,5823201.0,3.54,3816088.0,2.32,5.85,9639289.0,5.8015422383006605,13.55665005672943,0.4749189436480518,1.5684087798448827,0.007448670409322615,0.02768996279263943,0.0007300611834605957,2.2967664645257853
16,Barbados,North America,3995,47.0,3922,26,,13887,163.0,166237.0,577836.0,287689,Oxford/AstraZeneca,76045.0,26.46,47132.0,16.4,42.86,123177.0,42.81602702918777,2.403195437838748,1.3886523294251778,1.1764705882352942,0.016337086228531503,0.009037537062591897,,16.382969109003124
17,Belarus,Europe,386025,2771.0,376453,6801,,40864,293.0,6211780.0,657571.0,9446547,Sputnik V,300000.0,3.17,150000.0,1.59,4.76,450000.0,4.763645382804955,6.214402313024608,4.086413797549517,0.7178291561427369,0.029333469679450067,0.07199456055212555,,1.5878817942683183
18,Belgium,Europe,1048881,24842.0,935360,88679,544.0,90152,2135.0,13635474.0,1171975.0,11634613,"Johnson&Johnson, Moderna, Oxford/AstraZeneca, Pfizer/BioNTech",4066023.0,35.08,1438285.0,12.41,47.19,5468914.0,47.00555145237749,7.692295845380953,9.015177384928919,2.368428830343957,0.2135180602913049,0.762199825640956,0.0046757034376648365,12.362121541988547
19,Belize,North America,12764,323.0,12358,83,1.0,31591,799.0,128613.0,318318.0,404039,Oxford/AstraZeneca,54909.0,13.81,9504.0,2.39,16.2,64413.0,15.942272899398324,9.924346683461236,3.159100977875898,2.5305546850517078,0.07994277780115286,0.020542571385435564,0.0002475008600654887,2.352248174062405
20,Benin,Africa,8025,101.0,7893,31,35.0,647,8.0,604310.0,48717.0,12404431,"Oxford/AstraZeneca, Sinovac",10683.0,0.09,,,0.09,10683.0,0.08612245092096527,1.327960814813589,0.06469462404200564,1.2585669781931463,0.0008142251748588872,0.00024991069723391584,0.00028215723881248563,
21,Bermuda,North America,2488,32.0,2383,73,7.0,40082,516.0,261280.0,4209305.0,62072,Pfizer/BioNTech,35313.0,56.71,31251.0,50.18,106.89,66564.0,107.23675731408686,0.9522351500306185,4.008248485629592,1.2861736334405145,0.051553035184946513,0.11760536151565923,0.01127722644670705,50.34637195514886
22,Bhutan,Asia,1394,1.0,1186,207,,1789,1.0,768998.0,986944.0,779171,Oxford/AstraZeneca,482214.0,62.49,,,62.49,482214.0,61.888083617075075,0.18127485377075103,0.17890809591219387,0.07173601147776183,0.00012834153221821654,0.026566697169170823,,
23,Bolivia,South America,349653,13965.0,282010,53678,200.0,29595,1182.0,1383371.0,117089.0,11814647,"Oxford/AstraZeneca, Pfizer/BioNTech, Sinopharm/Beijing, Sputnik V",902833.0,7.73,291739.0,2.5,10.23,1194572.0,10.110941105561597,25.275432259314385,2.9594874904006865,3.9939597257852784,0.11820073845625688,0.45433435294342694,0.0016928140129789744,2.469299336662365
24,Bosnia And Herzegovina,Europe,203150,9108.0,172005,22037,,62267,2792.0,954240.0,292481.0,3262566,,,,,,,,,21.289193494299127,6.226693958068588,4.483386660103372,0.2791667662815097,0.6754499372579742,,
25,Botswana,Africa,51620,784.0,48449,2387,1.0,21564,328.0,1111863.0,464483.0,2393767,Oxford/AstraZeneca,71500.0,3.04,,,3.04,71500.0,2.9869239570935684,4.642658313119512,2.156433771540839,1.5187911662146454,0.032751725627431574,0.09971730749066221,4.1775160239070885e-05,
26,Brazil,South America,16083573,449185.0,14492167,1142221,8318.0,75190,2100.0,49013934.0,229138.0,213906072,"Oxford/AstraZeneca, Pfizer/BioNTech, Sinovac",37376193.0,17.58,17722720.0,8.34,25.92,55098913.0,25.758461405434062,32.81428705559525,7.518988521279565,2.7928184862903285,0.20999170140434348,0.5339825042460693,0.003888622666120483,8.285281401455494
27,British Virgin Islands,North America,248,1.0,209,38,,8155,33.0,39777.0,1308024.0,30410,,,,,,,,,0.6234758780199613,0.8155212101282473,0.4032258064516129,0.003288391976323578,0.12495889510029595,,
28,Brunei Darussalam,Asia,235,3.0,224,8,,533,7.0,123643.0,280236.0,441210,,,,,,,,,0.19006332748315716,0.053262618707644885,1.2765957446808511,0.0006799483239273815,0.0018131955304730174,,
29,Bulgaria,Europe,416646,17496.0,373385,25765,402.0,60369,2535.0,2749884.0,398439.0,6901646,"Johnson&Johnson, Moderna, Oxford/AstraZeneca, Pfizer/BioNTech",733149.0,10.55,458248.0,6.59,17.15,1191397.0,17.262505205280014,15.15140275007964,6.036907717376406,4.199248282714823,0.25350474365100734,0.37331674212209665,0.005824697470719304,6.639691459109899
30,Burkina Faso,Africa,13415,165.0,13230,20,,627,8.0,186093.0,8692.0,21410701,,,,,,,,,7.208761210792453,0.06265558516743566,1.2299664554603056,0.0007706426800318214,9.341123394325109e-05,,
31,Burundi,Africa,4494,6.0,773,3715,,368,,279132.0,22872.0,12204038,,,,,,,,,1.609990972013241,0.03682387747399672,0.13351134846461948,4.916405537249228e-05,0.030440744284801473,,
32,Cabo Verde,Africa,29334,256.0,26842,2236,23.0,52255,456.0,160181.0,285343.0,561363,,,,,,,,,18.313033380987758,5.225495802181476,0.8727074384673076,0.045603290562434645,0.3983162410062651,0.004097170636468738,
33,Cambodia,Asia,25761,179.0,18359,7223,,1522,11.0,1113752.0,65806.0,16924754,"Oxford/AstraZeneca, Sinopharm/Beijing, Sinovac",2168239.0,12.97,1335645.0,7.99,20.96,3503884.0,20.702717451609637,2.3129924794747843,0.15220900699649756,0.6948488024533209,0.0010576224623412547,0.0426771343323513,,7.8916656632055036
34,Cameroon,Africa,77733,1239.0,72226,4268,385.0,2865,46.0,1518411.0,55965.0,27131360,"Oxford/AstraZeneca, Sinopharm/Beijing",45706.0,0.17,1782.0,0.01,0.18,47488.0,0.17502992846654206,5.119364915032886,0.28650609479215194,1.5939176411562657,0.004566671187880003,0.01573087379327833,0.0014190221205276847,0.006568045243585283
35,Canada,North America,1359180,25231.0,1280155,53794,1344.0,35733,663.0,33979043.0,893317.0,38036939,"Moderna, Oxford/AstraZeneca, Pfizer/BioNTech",17958575.0,47.58,1486018.0,3.94,51.52,19444593.0,51.12028862259395,4.000053797865938,3.5733159284978218,1.85633985196957,0.06633288761748152,0.14142568096765096,0.0035334073543615064,3.9067759895190304
36,Caribbean Netherlands,North America,1609,17.0,1573,19,,60855,643.0,8550.0,323374.0,26440,,,,,,,,,18.8187134502924,6.085476550680787,1.0565568676196395,0.06429652042360061,0.0718608169440242,,
37,Cayman Islands,North America,574,2.0,554,18,,8643,30.0,94773.0,1427111.0,66409,"Oxford/AstraZeneca, Pfizer/BioNTech",40778.0,62.05,34305.0,52.2,114.55,75284.0,113.36415244921622,0.6056577295221213,0.8643406767155054,0.34843205574912894,0.003011639988555768,0.027104759897001913,,51.65715490370281
38,Central African Republic,Africa,7079,97.0,6665,317,2.0,1443,20.0,54319.0,11076.0,4904364,"Covaxin, Oxford/AstraZeneca",667.0,0.01,,,0.01,667.0,0.013600132453463896,13.032272317237062,0.14434083603908682,1.3702500353157225,0.0019778303568005963,0.006463631166039063,4.078000735671333e-05,
39,Chad,Africa,4924,173.0,4729,22,,292,10.0,118413.0,7030.0,16842943,,,,,,,,,4.158327210694772,0.02923479584298302,3.5134037367993503,0.0010271364095930265,0.0001306185029540265,,
40,Channel Islands,Europe,4059,86.0,3956,17,,23156,491.0,454413.0,2592350.0,175290,,,,,,,,,0.8932402902205703,2.315591305836043,2.118748460211875,0.04906155513720121,0.009698214387586286,,
41,Chile,South America,1329918,28518.0,1259080,42320,2980.0,69042,1481.0,14348965.0,744922.0,19262384,"Oxford/AstraZeneca, Pfizer/BioNTech, Sinovac",9331722.0,48.82,7586547.0,39.69,88.5,16918269.0,87.83060809087806,9.268389741002226,6.904223277866333,2.144342733912918,0.148050210192051,0.219702815601641,0.01547056688310232,39.385296233321895
42,China,Asia,90991,4636.0,86030,325,3.0,63,3.0,160000000.0,111163.0,1439323776,"Sinopharm/Beijing, Sinopharm/Wuhan, Sinovac",,,,,31.23,449511000.0,31.230707606958894,0.05686937500000001,0.006321788156162579,5.095009396533723,0.0003220957005854394,2.258004803500168e-05,2.0843121263078474e-07,
43,China Hong Kong Sar,Asia,11833,210.0,11553,70,2.0,1567,28.0,14841321.0,1965433.0,7551173,,,,,,,,,0.07973009949720783,0.15670413060328509,1.7746978788134877,0.0027810248818296176,0.0009270082939432059,2.648595125552017e-05,
44,China Macao Sar,Asia,50,,49,1,,76,,4483.0,6821.0,657208,,,,,,,,,1.1153245594467989,0.007607941473627831,,,0.00015215882947255664,,
45,Colombia,South America,3232456,84724.0,3026277,121455,6582.0,62930,1649.0,16378496.0,318860.0,51365735,"Oxford/AstraZeneca, Pfizer/BioNTech, Sinovac",4759397.0,9.35,2958890.0,5.82,15.17,7718287.0,15.026139507202613,19.73597575748103,6.293020045366819,2.621041090737198,0.164942641237393,0.23645140091930933,0.012813989715128189,5.760435434244249
46,Comoros,Africa,3872,146.0,3713,13,,4370,165.0,,,886035,"Covaxin, Oxford/AstraZeneca, Sinopharm/Beijing",43140.0,4.96,1835.0,0.21,5.17,44975.0,5.075984583001801,,0.43700305292680314,3.770661157024793,0.016477904371723466,0.001467210663235651,,0.20710242823364766
47,Congo,Africa,11476,150.0,8208,3118,,2035,27.0,141948.0,25175.0,5638445,"Moderna, Oxford/AstraZeneca, Sinopharm/Beijing, Sputnik V",22623.0,0.41,15645.0,0.28,0.69,38268.0,0.6786977615282228,8.084650717164033,0.20353129275890783,1.307075636110143,0.0026603079395116917,0.05529893436931636,,0.2774701180910694
48,Costa Rica,North America,299219,3765.0,228589,66865,522.0,58264,733.0,1153337.0,224579.0,5135551,"Oxford/AstraZeneca, Pfizer/BioNTech",721882.0,14.17,530018.0,10.4,24.58,1251900.0,24.37713110044083,25.943761450469378,5.82642446740379,1.2582757111012335,0.0733124838990013,1.3020024530960748,0.010164439998745996,10.320567354895317
49,Cote D Ivoire,Africa,46942,298.0,46346,298,,1741,11.0,619741.0,22990.0,26957075,,,,,,,,,7.574454489859474,0.17413610341626456,0.6348259554343658,0.0011054611822684769,0.0011054611822684769,,
50,Croatia,Europe,353986,7903.0,342202,3881,123.0,86706,1936.0,1970997.0,482777.0,4082624,"Moderna, Oxford/AstraZeneca, Pfizer/BioNTech",1109161.0,27.02,341008.0,8.31,35.32,1450169.0,35.520513277735105,17.959743216250455,8.67055109654967,2.2325741695999275,0.1935764841435312,0.09506141148437867,0.003012768258845292,8.352667304165164
51,Cuba,North America,133053,877.0,125236,6940,136.0,11753,77.0,4150241.0,366615.0,11320441,"Abdala, Soberana02",740000.0,6.53,,,6.53,740000.0,6.536847813614329,3.2059102109973856,1.1753340704659827,0.6591358330890698,0.007747048016945629,0.06130503219795059,0.0012013666252047954,
52,Curacao,North America,12271,122.0,12087,62,18.0,74509,741.0,107257.0,651258.0,164692,"Moderna, Pfizer/BioNTech",80771.0,49.22,51635.0,31.47,80.69,132406.0,80.39613338838559,11.44074512619223,7.450878002574503,0.9942140004889577,0.0740776722609477,0.037646030165399656,0.010929492628664416,31.35246399339373
53,Cyprus,Asia,71911,354.0,39061,32496,42.0,59177,291.0,6284278.0,5171428.0,1215192,"Johnson&Johnson, Oxford/AstraZeneca, Pfizer/BioNTech",340015.0,38.82,121886.0,13.92,52.73,461901.0,38.01053660656094,1.144300108938529,5.917665685751716,0.4922751734783274,0.029131199020401715,2.6741453202456897,0.0034562439515730846,10.030184530510406
54,Cyprus,Asia,71911,354.0,39061,32496,42.0,59177,291.0,6284278.0,5171428.0,1215192,"Oxford/AstraZeneca, Pfizer/BioNTech, Sinovac",340015.0,38.82,121886.0,13.92,52.73,461901.0,38.01053660656094,1.144300108938529,5.917665685751716,0.4922751734783274,0.029131199020401715,2.6741453202456897,0.0034562439515730846,10.030184530510406
55,Czech Republic,Europe,1658092,30028.0,1607706,20358,162.0,154576,2799.0,22860689.0,2131192.0,10726714,"Johnson&Johnson, Moderna, Oxford/AstraZeneca, Pfizer/BioNTech",3274616.0,30.58,1139403.0,10.64,40.98,4388483.0,40.911718164574914,7.25302723815542,15.457594935410789,1.8109972184896856,0.2799366143256919,0.1897878511536711,0.001510248152416481,10.622106639554294
56,Democratic Republic Of The Congo,Africa,30863,779.0,27603,2481,,336,8.0,157353.0,1711.0,91969351,,,,,,,,,19.61386182659371,0.033557918659228116,2.5240579334478177,0.0008470213082182128,0.0026976378250184673,,
57,Denmark,Europe,273494,2508.0,257387,13599,20.0,47070,432.0,51129032.0,8799572.0,5810400,"Moderna, Pfizer/BioNTech",1722783.0,29.74,1101045.0,19.01,48.75,2823828.0,48.59954564229657,0.5349094033307731,4.706973702326862,0.917021945636833,0.043163981825691866,0.2340458488228005,0.00034421038138510255,18.949555968608014
58,Djibouti,Africa,11493,153.0,11335,5,,11484,153.0,156340.0,156219.0,1000775,"Oxford/AstraZeneca, Sinopharm/Beijing, Sputnik V",12547.0,1.27,495.0,0.05,1.32,13042.0,1.3031900277285104,7.351285659460151,1.1484099822637457,1.331245105716523,0.015288151682446105,0.000499612800079938,,0.04946166720791387
59,Dominica,North America,184,,176,8,,2550,,16134.0,223630.0,72146,Oxford/AstraZeneca,19271.0,26.77,14678.0,20.39,47.16,33949.0,47.05596983893771,1.1404487417875295,0.25503839436697806,,,0.011088625842042526,,20.34485626368752
60,Dominican Republic,North America,283729,3606.0,235814,44309,324.0,25924,329.0,1512067.0,138154.0,10944778,"Oxford/AstraZeneca, Sinopharm/Beijing, Sinovac",2545132.0,23.46,825594.0,7.61,31.07,3370726.0,30.79757305264666,18.764314015185835,2.5923687077069997,1.27093106450169,0.03294721921266928,0.4048414686894517,0.0029603158693579713,7.543268579773843
61,Ecuador,South America,418851,20193.0,354499,44159,580.0,23424,1129.0,1397765.0,78169.0,17881224,"Oxford/AstraZeneca, Pfizer/BioNTech, Sinovac",1203778.0,6.82,379621.0,2.15,8.97,1583399.0,8.85509291757656,29.96576677767722,2.3424067614163326,4.8210461476754265,0.11292851093415082,0.2469573671243087,0.003243625827851606,2.1230146213704386
62,Egypt,Africa,253835,14721.0,186678,52436,90.0,2440,141.0,2715258.0,26096.0,104048165,"Oxford/AstraZeneca, Sinopharm/Beijing, Sinovac, Sputnik V",1133956.0,1.11,238020.0,0.23,1.34,1371976.0,1.3185970170641645,9.348467070164235,0.2439591318116951,5.799436641913053,0.01414825528158041,0.050395891172131675,8.6498401966051e-05,0.22875944039954957
63,El Salvador,North America,72220,2220.0,67510,2490,22.0,11085,341.0,968755.0,148687.0,6515391,"Oxford/AstraZeneca, Pfizer/BioNTech, Sinovac",1066112.0,16.44,431149.0,6.65,23.08,1497261.0,22.980370633166913,7.454929264881213,1.108452278612289,3.0739407366380505,0.03407316613845585,0.03821719985799778,0.00033766200677749043,6.61739257091401
64,Equatorial Guinea,Africa,8436,113.0,7801,522,7.0,5843,78.0,123169.0,85314.0,1443712,Sinopharm/Beijing,130641.0,9.31,45129.0,3.22,12.53,175770.0,12.17486590123238,6.849125997613036,0.5843270680024825,1.339497392128971,0.007827045837396933,0.036156795815231846,0.00048486124656441174,3.1259004566007627
65,Eritrea,Africa,3932,14.0,3711,207,,1095,4.0,23693.0,6600.0,3590075,,,,,,,,,16.595618959186258,0.10952417428605252,0.3560528992878942,0.0003899639979666163,0.005765896255649256,,
66,Estonia,Europe,128592,1240.0,120886,6466,31.0,96880,934.0,1392617.0,1049185.0,1327332,"Johnson&Johnson, Moderna, Oxford/AstraZeneca, Pfizer/BioNTech",418302.0,31.53,184859.0,13.94,45.47,603161.0,45.441607676150355,9.233838162251358,9.688005713717443,0.9642901580191614,0.09342048560571131,0.48714262897300753,0.0023355121401427825,13.927110926279182
67,Ethiopia,Africa,269194,4076.0,228757,36361,495.0,2291,35.0,2687134.0,22872.0,117486892,Oxford/AstraZeneca,,,,,1.31,1501724.0,1.2782055720735213,10.01788522641595,0.2291268374007204,1.514149646723181,0.0034693231990510056,0.030948984504586264,0.00042132359752950144,
68,Faeroe Islands,Europe,676,1.0,668,7,,13788,20.0,263482.0,5374003.0,49029,"Moderna, Pfizer/BioNTech",19153.0,39.2,7824.0,16.01,55.21,26977.0,55.02253768178017,0.2565640157581922,1.3787758265516328,0.14792899408284024,0.002039609210875196,0.014277264476126374,,15.957902465887535
69,Falkland Islands Malvinas,South America,63,,63,0,,17647,,7258.0,2033053.0,3570,,,,,,,,,0.8680077156241389,1.7647058823529411,,,0.0,,
70,Fiji,Australia/Oceania,235,4.0,134,97,,260,4.0,88294.0,97862.0,902234,Oxford/AstraZeneca,93000.0,10.37,,,10.37,93000.0,10.307747214137352,0.26615625070786236,0.02604645801421804,1.702127659574468,0.000443343966199456,0.010751091180336809,,
71,Finland,Europe,91526,932.0,46000,44594,28.0,16496,168.0,4880241.0,879576.0,5548403,"Moderna, Oxford/AstraZeneca, Pfizer/BioNTech",2161597.0,39.01,307106.0,5.54,44.56,2468703.0,44.49393816563072,1.8754401678113846,1.6495917834375045,1.0182898848414659,0.016797626271920045,0.8037267660622345,0.0005046497163237782,5.535034135047508
72,France,Europe,5603666,108596.0,5199240,295830,3515.0,85680,1660.0,82691176.0,1264344.0,65402419,"Johnson&Johnson, Moderna, Oxford/AstraZeneca, Pfizer/BioNTech",21133653.0,31.28,9300413.0,13.77,44.79,30264699.0,46.27458657148446,6.77661906755323,8.56797972564287,1.9379456234543602,0.16604278811155287,0.45232271913367605,0.005374418949244064,14.220289007964675
73,French Guiana,South America,22780,112.0,9995,12673,27.0,74557,367.0,246436.0,806562.0,305539,,,,,,,,,9.243779317956792,7.4556766893915345,0.4916593503072871,0.03665653157207427,4.147752005472296,0.008836842432553619,
74,French Polynesia,Australia/Oceania,18844,141.0,18677,26,1.0,66738,499.0,26355.0,93340.0,282356,Oxford/AstraZeneca,51856.0,18.46,33891.0,12.06,30.53,85747.0,30.36840017566476,71.50066401062418,6.673844366686027,0.7482487794523456,0.04993695901627732,0.009208233577469577,0.00035416282990267603,12.002932468231593
75,Gabon,Africa,24107,147.0,20976,2984,23.0,10609,65.0,785631.0,345744.0,2272289,Sinopharm/Beijing,8515.0,0.38,3849.0,0.17,0.56,12364.0,0.5441209282798095,3.0684888961866323,1.060912586383158,0.6097813912971336,0.006469247529693626,0.13132132400412094,0.0010121951917207714,0.16938866491014126
76,Gambia,Africa,5968,175.0,5727,66,3.0,2410,71.0,76379.0,30838.0,2476758,Oxford/AstraZeneca,25776.0,1.07,,,1.07,25776.0,1.0407153222074987,7.8136660600426815,0.24096015840061888,2.9323056300268098,0.007065688290902866,0.002664773869711938,0.00012112608498690627,
77,Georgia,Asia,337573,4622.0,318599,14352,,84768,1161.0,4751763.0,1193213.0,3982326,Oxford/AstraZeneca,93305.0,2.34,15077.0,0.38,2.72,108382.0,2.721575280376343,7.104163233730302,8.476779650887446,1.3691853317652773,0.1160628235860148,0.3603923937919698,,0.3785978345318791
78,Germany,Europe,3654201,87973.0,3408800,157428,3477.0,43490,1047.0,59197639.0,704541.0,84022978,"Johnson&Johnson, Moderna, Oxford/AstraZeneca, Pfizer/BioNTech",31741349.0,37.88,9901626.0,11.82,49.55,41517849.0,49.41249404418872,6.172883009743007,4.34904961354738,2.407448304020496,0.10470112116235633,0.1873630330027103,0.004138153732185022,11.784426398216926
79,Ghana,Africa,93620,783.0,91581,1256,7.0,2958,25.0,1143933.0,36145.0,31648450,Oxford/AstraZeneca,852047.0,2.74,,,2.74,852047.0,2.692223473819413,8.184045743937801,0.2958122751667143,0.836359752189703,0.0024740548115310544,0.003968598778139214,2.2117986820839567e-05,
80,Gibraltar,Europe,4288,94.0,4192,2,,127308,2791.0,248832.0,7387685.0,33682,Pfizer/BioNTech,38923.0,115.53,36258.0,107.62,223.15,75181.0,223.20824179086753,1.7232510288065845,12.730835461077133,2.1921641791044775,0.2790808146784633,0.005937889674009857,,107.6480019001247
81,Greece,Europe,389804,11772.0,352207,25825,569.0,37562,1134.0,9187642.0,885340.0,10377532,"Johnson&Johnson, Moderna, Oxford/AstraZeneca, Pfizer/BioNTech",2974175.0,28.53,1709388.0,16.4,44.28,4615746.0,44.47826323252966,4.242699051617379,3.7562302867386967,3.0199792716339493,0.1134373760543451,0.2488549300546604,0.005482999233343728,16.472008951646693
82,Greenland,North America,34,,32,2,,598,,23980.0,421752.0,56858,Pfizer/BioNTech,11577.0,20.39,7664.0,13.5,33.89,19241.0,33.84044461641282,0.14178482068390325,0.059798093496077946,,,0.003517534911533997,,13.479193780998276
83,Grenada,North America,161,1.0,160,0,,1425,9.0,28684.0,253868.0,112988,Oxford/AstraZeneca,13744.0,12.21,5775.0,5.13,17.35,19519.0,17.275285871065954,0.561288523218519,0.14249300810705562,0.6211180124223602,0.0008850497397953765,0.0,,5.111162247318299
84,Guadeloupe,North America,16530,221.0,2250,14059,29.0,41306,552.0,201479.0,503465.0,400185,,,,,,,,,8.204328987140098,4.130589602308932,1.336963097398669,0.055224458687856866,3.513125179604433,0.00724664842510339,
85,Guatemala,North America,247454,8000.0,227600,11854,5.0,13589,439.0,1382567.0,75924.0,18209861,"Moderna, Oxford/AstraZeneca",305764.0,1.71,2535.0,0.01,1.72,308299.0,1.6930332417144756,17.89815611106008,1.3589010921060847,3.232924099024465,0.04393224088860426,0.06509659793668936,2.745765055537766e-05,0.013921028831576475
86,Guinea,Africa,22988,158.0,20699,2131,24.0,1709,12.0,447203.0,33254.0,13448183,Sputnik V,157907.0,1.2,66866.0,0.51,1.71,224773.0,1.6714005155938165,5.140394854238455,0.17093759060238845,0.6873151209326606,0.0011748799075681823,0.015846006854606305,0.00017846277076985048,0.49721215126236756
87,Guinea Bissau,Africa,3751,68.0,3495,188,9.0,1867,34.0,66687.0,33190.0,2009233,,,,,,,,,5.6247844407455725,0.18668815413642917,1.8128499066915489,0.0033843760280664313,0.009356804312889546,0.00044793212136173355,
88,Guyana,South America,16130,359.0,13745,2026,19.0,20419,454.0,145654.0,184387.0,789937,"Oxford/AstraZeneca, Sputnik V",150694.0,19.16,2800.0,0.36,19.51,153494.0,19.431169827467254,11.074189517623958,2.0419349897523476,2.225666460012399,0.045446662202175615,0.25647614936381,0.0024052551026221077,0.3544586467022054
89,Haiti,North America,13906,288.0,12507,1111,,1206,25.0,68900.0,5978.0,11526222,,,,,,,,,20.18287373004354,0.12064664380054453,2.0710484682870702,0.002498650468470935,0.009638891216913921,,
90,Holy See,Europe,27,,27,0,,33624,,,,803,,,,,,,,,,3.3623910336239105,,,0.0,,
91,Honduras,North America,232672,6146.0,83625,142901,496.0,23164,612.0,700725.0,69761.0,10044617,"Moderna, Oxford/AstraZeneca",108538.0,1.1,5687.0,0.06,1.15,114225.0,1.137176260677734,33.20446680224053,2.316384985111926,2.6414867280979233,0.061187001953384584,1.4226625066938838,0.004937968266983201,0.05661739019018844
92,Hungary,Europe,802088,29519.0,668820,103749,185.0,83218,3063.0,5734447.0,594956.0,9638431,"Moderna, Oxford/AstraZeneca, Pfizer/BioNTech, Sinopharm/Beijing, Sputnik V",4829595.0,49.99,2814805.0,29.14,79.13,7644400.0,79.31166390048338,13.987190046398545,8.321769383419355,3.680269496613838,0.306263540196532,1.0764096355516786,0.0019193995371238326,29.203975211318106
93,Iceland,Europe,6556,29.0,6478,49,3.0,19102,84.0,635858.0,1852641.0,343217,"Johnson&Johnson, Moderna, Oxford/AstraZeneca, Pfizer/BioNTech",156058.0,45.73,73205.0,21.45,64.48,220021.0,64.1055075943208,1.0310478125619242,1.9101617926850942,0.4423428920073215,0.008449464915782143,0.014276682099080173,0.0008740825774947045,21.329071695166615
94,India,Asia,26752447,303751.0,23728011,2720685,8944.0,19218,218.0,330536064.0,237439.0,1392086685,"Covaxin, Oxford/AstraZeneca",145333606.0,10.53,41076994.0,2.98,13.51,186410600.0,13.390732201421782,8.093654494536487,1.9217515179379796,1.135413893166483,0.0218198337268056,0.19543933788864593,0.0006424887254776092,2.950749722888126
95,Indonesia,Asia,1775220,49328.0,1633045,92847,,6430,179.0,16080678.0,58242.0,276098715,"Oxford/AstraZeneca, Sinovac",13985952.0,5.11,9276187.0,3.39,8.5,23262139.0,8.425297814225612,11.039459903369746,0.6429656871094094,2.7786978515338943,0.0178660737338093,0.033628189830582876,,3.359735665557154
96,Iran,Asia,2832518,78597.0,2333789,420132,4855.0,33344,925.0,18932896.0,222873.0,84949429,"Covaxin, Oxford/AstraZeneca, Sinopharm/Beijing, Sputnik V",1979167.0,2.36,350212.0,0.42,2.77,2329379.0,2.742077289301144,14.960827968420679,3.3343579036887934,2.774810257163414,0.09252210512209565,0.49456718537802064,0.005715164960084664,0.412259392585205
97,Iraq,Asia,1167940,16190.0,1081843,69907,474.0,28470,395.0,10121408.0,246726.0,41022924,"Oxford/AstraZeneca, Sinopharm/Beijing",453361.0,1.13,,,1.13,453361.0,1.1051406282009542,11.539303622578993,2.8470423024940885,1.3862013459595528,0.039465738717210895,0.17040959830167152,0.0011554515226657174,
98,Ireland,Europe,258705,4941.0,240802,12962,43.0,51877,991.0,4729538.0,948395.0,4986884,"Johnson&Johnson, Moderna, Oxford/AstraZeneca, Pfizer/BioNTech",1408655.0,28.53,514808.0,10.43,38.94,1922913.0,38.559409041798446,5.469984594689799,5.187708396666134,1.9098973734562532,0.09907990641049601,0.25992182693641963,0.0008622618853777229,10.323239922965925
99,Isle Of Man,Europe,1591,29.0,1561,1,1.0,18623,339.0,44761.0,523925.0,85434,"Oxford/AstraZeneca, Pfizer/BioNTech",61145.0,71.91,18155.0,21.35,93.26,79300.0,92.82018868366224,3.5544335470610573,1.8622562445864643,1.8227529855436833,0.03394433129667346,0.0011704941826439122,0.0011704941826439122,21.250321885900227
100,Israel,Asia,839319,6404.0,832405,510,59.0,89998,687.0,14530135.0,1558024.0,9326000,"Moderna, Pfizer/BioNTech",5436646.0,62.81,5106932.0,59.0,121.81,10543578.0,113.05573665022517,5.776401939830566,8.999774823075274,0.7629995269974825,0.06866823933090285,0.005468582457645293,0.0006326399313746515,54.7601544070341
101,Italy,Europe,4192183,125225.0,3785866,281092,1410.0,69427,2074.0,64558486.0,1069161.0,60382401,"Johnson&Johnson, Moderna, Oxford/AstraZeneca, Pfizer/BioNTech",19917664.0,32.94,9241064.0,15.28,47.73,28859336.0,47.794283635723595,6.49362037393504,6.942723261368822,2.9871071945094,0.20738658603522572,0.4655197463910056,0.002335117479015119,15.30423409297686
102,Jamaica,North America,47959,917.0,23986,23056,13.0,16133,308.0,365701.0,123020.0,2972695,Oxford/AstraZeneca,135473.0,4.57,,,4.57,135473.0,4.557245193334667,13.11426547917561,1.613317208795386,1.912049875935695,0.030847429689221398,0.7755925179004237,0.0004373136160958322,
103,Japan,Asia,714274,12236.0,634103,67935,1304.0,5663,97.0,13744292.0,108969.0,126130429,Pfizer/BioNTech,5236829.0,4.14,2340313.0,1.85,5.99,7577142.0,6.007386211300368,5.19687736552745,0.5662979232394428,1.713068094316747,0.009701069041793237,0.05386091250034518,0.0010338504438132054,1.8554705779998575
104,Jordan,Asia,730546,9368.0,710608,10570,637.0,70973,910.0,7118897.0,691603.0,10293333,"Pfizer/BioNTech, Sinopharm/Beijing",1034808.0,10.14,385142.0,3.77,13.92,1419950.0,13.794851482993895,10.262067283737917,7.097273545896164,1.2823285597347738,0.09101036564152738,0.1026878271595799,0.00618847170299455,3.7416646289399167
105,Kazakhstan,Asia,375014,4124.0,338730,32160,221.0,19762,217.0,11270949.0,593940.0,18976581,"QazVac, Sinopharm/HayatVax, Sputnik V",1898604.0,10.11,802090.0,4.27,14.38,2700694.0,14.231720666646957,3.327261972350332,1.9761937094990927,1.099692278154949,0.021732049624745363,0.16947204557027423,0.0011645933479798073,4.2267361017245415
106,Kenya,Africa,168432,3059.0,114537,50836,121.0,3072,56.0,1781426.0,32495.0,54821816,"Oxford/AstraZeneca, Sputnik V",945597.0,1.76,,,1.76,945597.0,1.7248553021300863,9.45489736873718,0.3072353531667028,1.8161631993920395,0.005579895419735822,0.09272950753765617,0.00022071505256228652,
107,Kuwait,Asia,299215,1734.0,285118,12363,153.0,69155,401.0,2525643.0,583731.0,4326725,Pfizer/BioNTech,822000.0,19.25,38000.0,0.89,42.62,1820000.0,42.064147825433785,11.847082109387589,6.915507687685259,0.5795164012499373,0.04007650127983636,0.28573574701419663,0.0035361618776326206,0.8782624271244417
108,Kyrgyzstan,Asia,102702,1757.0,96119,4826,86.0,15514,265.0,1094413.0,165323.0,6619844,"Sinopharm/Beijing, Sputnik V",37117.0,0.57,6010.0,0.09,0.83,54101.0,0.817254908121702,9.384208703661232,1.5514262873868327,1.7107748631964323,0.026541410945635578,0.07290202004760234,0.0012991242693936595,0.09078763789599875
109,Laos,Asia,1801,2.0,1074,725,,244,,233618.0,31701.0,7369437,"Sinopharm/Beijing, Sputnik V",474983.0,6.53,88483.0,1.22,7.74,563466.0,7.645984354028673,0.7709166245751612,0.02443877327399637,0.1110494169905608,2.713911524041796e-05,0.00983792927465151,,1.200675166908951
110,Latvia,Europe,130945,2326.0,121123,7496,81.0,70117,1245.0,2578685.0,1380803.0,1867525,"Johnson&Johnson, Moderna, Oxford/AstraZeneca, Pfizer/BioNTech",415097.0,22.01,142471.0,7.55,29.29,552553.0,29.587448628532414,5.077975789985981,7.011686590540957,1.7763183015769979,0.12454987215699924,0.4013868622910001,0.004337291334788021,7.628867083439311
111,Lebanon,Asia,538518,7677.0,508930,21911,238.0,79216,1129.0,4291414.0,631265.0,6798118,"Oxford/AstraZeneca, Pfizer/BioNTech, Sinopharm/Beijing, Sputnik V",421523.0,6.18,210156.0,3.08,9.25,631679.0,9.291968747821088,12.548731024319723,7.921574765251206,1.4255790892783529,0.11292831339497196,0.32230979221013817,0.0035009689446402668,3.0913849980244534
112,Lesotho,Africa,10822,326.0,6431,4065,,5016,151.0,92169.0,42723.0,2157381,Oxford/AstraZeneca,36637.0,1.71,,,1.71,36637.0,1.6982164949074827,11.741474899369637,0.5016267409419106,3.0123821844391054,0.015110914576516619,0.18842290721944802,,
113,Liberia,Africa,2142,85.0,2022,35,2.0,415,16.0,102186.0,19792.0,5163061,Oxford/AstraZeneca,36404.0,0.72,,,0.72,36404.0,0.7050856071621079,2.096177558569667,0.04148701710090197,3.9682539682539684,0.0016463102024167446,0.0006778924362892478,3.873671064509987e-05,
114,Libya,Africa,183311,3111.0,169945,10255,,26359,447.0,1002701.0,144182.0,6954401,"Johnson&Johnson, Moderna, Oxford/AstraZeneca, Pfizer/BioNTech, Sputnik V",106559.0,1.55,,,1.55,106559.0,1.532252741824925,18.281721071386187,2.6358991953440705,1.697115830473894,0.04473426251951822,0.1474605792792219,,
115,Liechtenstein,Europe,3000,58.0,2910,32,3.0,78481,1517.0,39109.0,1023099.0,38226,"Moderna, Pfizer/BioNTech",10529.0,27.61,5804.0,15.22,42.83,16333.0,42.72746298330979,7.670868598020916,7.848061528802385,1.9333333333333333,0.15172918955684614,0.08371265630722545,0.007848061528802385,15.183383037723015
116,Lithuania,Europe,270849,4185.0,247662,19002,160.0,100753,1557.0,3228260.0,1200877.0,2688253,"Johnson&Johnson, Moderna, Oxford/AstraZeneca, Pfizer/BioNTech",904075.0,33.21,479639.0,17.62,50.83,1383714.0,51.47261065085764,8.38993761345121,10.075279372886406,1.545141388744282,0.1556773116220832,0.7068531124116666,0.0059518207549661434,17.84203346932004
117,Luxembourg,Europe,69607,811.0,67162,1634,17.0,109612,1277.0,2822476.0,4444648.0,635028,"Moderna, Oxford/AstraZeneca, Pfizer/BioNTech",209494.0,33.47,87857.0,14.04,47.5,297351.0,46.824864415427356,2.4661680028457282,10.961248952802082,1.1651127041820506,0.12771090408611904,0.25731148862727315,0.0026770473112996593,13.835137978167891
118,Macedonia,Europe,155063,5311.0,146869,2883,25.0,74432,2549.0,776674.0,372810.0,2083298,,,,,,,,,19.965004622273952,7.443150235828,3.425059491948434,0.25493232365220914,0.13838634703244568,0.0012000203523451758,
119,Madagascar,Africa,40876,800.0,39255,821,232.0,1443,28.0,199504.0,7044.0,28321604,Oxford/AstraZeneca,3890.0,0.01,,,0.01,3890.0,0.01373509777200472,20.48881225439089,0.14432798368341002,1.957138663274293,0.0028246987705922307,0.0028988471133202767,0.0008191626434717468,
120,Malawi,Africa,34284,1153.0,32462,669,9.0,1752,59.0,243176.0,12427.0,19567808,Oxford/AstraZeneca,335232.0,1.75,,,1.75,335232.0,1.7131811595861937,14.098430766194031,0.1752061344837398,3.363084820907712,0.005892330914121806,0.0034188806431461305,4.5993909997481575e-05,
121,Malaysia,Asia,512091,2248.0,452821,57022,681.0,15644,69.0,11206334.0,342336.0,32734939,"Oxford/AstraZeneca, Pfizer/BioNTech, Sinovac",1412751.0,4.36,890829.0,2.75,7.12,2303580.0,7.037068252975819,4.569656767324622,1.564356053939798,0.4389844773682802,0.0068672802475666745,0.17419308464268102,0.0020803460180573424,2.7213400336563938
122,Maldives,Asia,55924,129.0,32322,23473,90.0,101865,235.0,831911.0,1515318.0,549001,"Oxford/AstraZeneca, Pfizer/BioNTech, Sinopharm/Beijing",304394.0,56.31,149435.0,27.65,83.96,453829.0,82.66451245079699,6.722353713317891,10.186502392527519,0.23067019526500251,0.02349722495951738,4.275584197478693,0.016393412762453985,27.219440401747903
123,Mali,Africa,14241,514.0,9442,4285,,686,25.0,289885.0,13959.0,20766951,Oxford/AstraZeneca,71216.0,0.35,13064.0,0.06,0.42,84280.0,0.4058371399826581,4.912637770150232,0.06857530506042991,3.6092970999227583,0.0024750864968092813,0.020633746379042354,,0.0629076459033394
124,Malta,Europe,30504,417.0,30006,81,,68921,942.0,910953.0,2058223.0,442592,"Johnson&Johnson, Moderna, Oxford/AstraZeneca, Pfizer/BioNTech",289855.0,65.65,152581.0,34.56,99.12,437654.0,98.88429976140554,3.3485811013301454,6.892126382763358,1.3670338316286388,0.09421769937097824,0.018301279733931024,,34.47441435904852
125,Marshall Islands,Australia/Oceania,4,,4,0,,67,,,,59546,,,,,,,,,,0.00671749571759648,,,0.0,,
126,Martinique,North America,11866,93.0,98,11675,10.0,31642,248.0,174717.0,465906.0,375005,,,,,,,,,6.7915543421647575,3.1642244770069734,0.7837518961739424,0.024799669337742164,3.1132918227756963,0.002666631111585179,
127,Mauritania,Africa,19149,458.0,18266,425,14.0,4025,96.0,258095.0,54246.0,4757897,Sinopharm/Beijing,15661.0,0.34,,,0.34,15661.0,0.32915802927217636,7.419361087971484,0.40246772891468646,2.3917698052117604,0.009626101615902993,0.008932517875019152,0.00029424764764768974,
128,Mauritius,Africa,1293,17.0,1161,115,,1015,13.0,358675.0,281611.0,1273652,"Covaxin, Oxford/AstraZeneca, Sinopharm/Beijing",212182.0,16.68,8464.0,0.67,17.35,220646.0,17.323884389142403,0.36049348295810973,0.10151909626805439,1.3147718484145399,0.0013347444984972347,0.00902915396042247,,0.6645457314870938
129,Mayotte,Africa,20176,171.0,2964,17041,6.0,72407,614.0,176919.0,634917.0,278649,,,,,,,,,11.40408887683064,7.240650424010135,0.8475416336241078,0.06136752688866639,6.115579097717918,0.002153246557497066,
130,Mexico,North America,2396604,221647.0,1914101,260856,4798.0,18416,1703.0,6943110.0,53352.0,130138822,"CanSino, Oxford/AstraZeneca, Pfizer/BioNTech, Sinovac, Sputnik V",16173646.0,12.54,11131624.0,8.63,18.79,24223297.0,18.613428819879744,34.51773052709809,1.8415749913580746,9.248378121708885,0.17031581859562245,0.20044441465744942,0.003686832204459327,8.553653574642007
131,Micronesia,Australia/Oceania,1,,1,0,,9,,,,116096,,,,,,,,,,0.0008613561190738699,,,0.0,,
132,Moldova,Europe,254676,6075.0,246570,2031,109.0,63264,1509.0,1075720.0,267221.0,4025585,"Oxford/AstraZeneca, Pfizer/BioNTech, Sinopharm/Beijing, Sputnik V",228911.0,5.67,35469.0,0.88,6.55,264380.0,6.567492674977673,23.674933997694566,6.326434543053991,2.385383781746219,0.1509097435528004,0.05045229451123253,0.002707680995432962,0.8810893323579058
133,Monaco,Europe,2501,32.0,2460,9,2.0,63332,810.0,51953.0,1315599.0,39490,Pfizer/BioNTech,15688.0,39.98,12975.0,33.06,73.04,28663.0,72.58293238794631,4.813966469693762,6.3332489237781715,1.2794882047181129,0.08103317295517852,0.02279057989364396,0.0050645733096986575,32.856419346670044
134,Mongolia,Asia,53100,253.0,46748,6099,99.0,15969,76.0,2887622.0,868403.0,3325209,"Oxford/AstraZeneca, Pfizer/BioNTech, Sinopharm/Beijing, Sputnik V",1810479.0,55.23,685189.0,20.9,76.13,2495668.0,75.05296659548317,1.8388833441496153,1.596892105127828,0.4764595103578154,0.007608544305034661,0.18341704235733755,0.002977256467187476,20.605892742381005
135,Montenegro,Europe,99248,1574.0,96608,1066,60.0,158004,2506.0,403862.0,642952.0,628137,"Oxford/AstraZeneca, Pfizer/BioNTech, Sinopharm/Beijing, Sputnik V",113497.0,18.07,34758.0,5.53,23.61,148255.0,23.6023351593681,24.57473097246089,15.800374759009578,1.5859261647589875,0.25058227743310774,0.16970820059955075,0.009552056318924057,5.533506225552705
136,Montserrat,North America,20,1.0,19,0,,4004,200.0,1408.0,281882.0,4995,Oxford/AstraZeneca,1293.0,25.87,616.0,12.32,38.19,1909.0,38.21821821821822,1.4204545454545454,0.4004004004004004,5.0,0.02002002002002002,0.0,,12.332332332332332
137,Morocco,Africa,517023,9122.0,505228,2673,95.0,13861,245.0,6439348.0,172637.0,37299913,"Oxford/AstraZeneca, Sinopharm/Beijing",7029682.0,19.05,4673903.0,12.66,31.71,11703585.0,31.37697667016006,8.029120339512634,1.386123876481964,1.764331567454446,0.024455821116794563,0.007166236553956574,0.00025469228306242966,12.530600272445676
138,Mozambique,Africa,70590,831.0,69098,661,21.0,2204,26.0,545343.0,17026.0,32030485,"Oxford/AstraZeneca, Sinopharm/Beijing",318548.0,1.02,74557.0,0.24,1.26,393105.0,1.2272839452790052,12.944147078077467,0.2203837999955355,1.177220569485763,0.0025944034253618077,0.002063659042315469,6.556254143513594e-05,0.23276887627521095
139,Myanmar,Asia,143234,3216.0,132194,7824,,2617,59.0,2610747.0,47698.0,54734927,Oxford/AstraZeneca,1689551.0,3.11,854211.0,1.57,4.68,2543762.0,4.647420101610805,5.486322496971174,0.26168665576186845,2.2452769593811523,0.005875590187596304,0.01429434627728653,,1.5606323910873217
140,Namibia,Africa,52946,765.0,49213,2968,52.0,20508,296.0,421684.0,163331.0,2581773,"Oxford/AstraZeneca, Sinopharm/Beijing",56759.0,2.23,3780.0,0.15,2.38,60539.0,2.34486145761072,12.555847506663758,2.0507612404343836,1.4448683564386355,0.029630800229144855,0.11495975827464304,0.002014119754137951,0.14641101289695105
141,Nepal,Asia,513241,6346.0,391348,115547,,17338,214.0,2916468.0,98522.0,29602256,"Oxford/AstraZeneca, Sinopharm/Beijing",2113080.0,7.25,426510.0,1.46,8.72,2539590.0,8.579042083819557,17.59803296315955,1.7337901543720182,1.2364561677652408,0.02143755529983931,0.39033173687843253,,1.4408023496587556
142,Netherlands,Europe,1626232,17544.0,1427520,181168,586.0,94721,1022.0,13797380.0,803635.0,17168709,"Johnson&Johnson, Moderna, Oxford/AstraZeneca, Pfizer/BioNTech",5740416.0,33.5,1989047.0,11.61,44.36,7600981.0,44.27229211002411,11.786527587121613,9.472069216153644,1.0788128631093226,0.1021859011064839,1.055222032128333,0.003413186163269469,11.585303239748544
143,New Caledonia,Australia/Oceania,125,,58,67,,434,,32654.0,113405.0,287942,Oxford/AstraZeneca,45104.0,15.8,35630.0,12.48,28.28,80734.0,28.038285488049674,0.3828014944570344,0.0434115203756312,,,0.023268574921338325,,12.374019767869918
144,New Zealand,Australia/Oceania,2668,26.0,2615,27,,533,5.0,2106971.0,421217.0,5002100,Pfizer/BioNTech,321502.0,6.67,152933.0,3.17,9.84,474435.0,9.484716419103977,0.12662727678738817,0.05333759820875232,0.974512743628186,0.0005197816916894904,0.0005397732952160093,,3.0573759021211093
145,Nicaragua,North America,7193,185.0,4225,2783,,1074,28.0,,,6694696,"Oxford/AstraZeneca, Sputnik V",166350.0,2.51,,,2.51,166350.0,2.4848028947094836,,0.10744326553438723,2.5719449464757402,0.002763381638240183,0.04157022215795908,,
146,Niger,Africa,5383,192.0,5034,157,2.0,215,8.0,105124.0,4208.0,24979964,"Oxford/AstraZeneca, Sinopharm/Beijing",115112.0,0.48,6514.0,0.03,0.5,121626.0,0.4868942165008725,5.120619458924698,0.02154927044730729,3.566784321010589,0.0007686159996067248,0.0006285037080117489,8.00641666257005e-06,0.026076899069990653
147,Nigeria,Africa,166019,2067.0,156476,7476,11.0,788,10.0,2002653.0,9506.0,210666804,Oxford/AstraZeneca,1842437.0,0.89,,,0.89,1842437.0,0.8745739551828015,8.289953376845615,0.07880643596795629,1.2450382185171576,0.0009811702464523077,0.00354873186380138,5.2215155834423725e-06,
148,Norway,Europe,122414,781.0,88952,32681,21.0,22424,143.0,5507549.0,1008891.0,5459014,"Moderna, Pfizer/BioNTech",1581904.0,29.18,611661.0,11.28,40.46,2193565.0,40.18243953944797,2.2226583912371907,2.242419601781567,0.6379989216919634,0.014306612879175618,0.598661223437053,0.00038468485334531107,11.204605813430778
149,Oman,Asia,210364,2265.0,193950,14149,238.0,40287,434.0,1550000.0,296839.0,5221681,"Oxford/AstraZeneca, Pfizer/BioNTech",253000.0,4.95,73269.0,1.43,6.39,326269.0,6.248351823866682,13.571870967741937,4.02866433242475,1.0767051396626799,0.04337683592697447,0.2709663803667823,0.004557919183496656,1.4031688262841027
150,Pakistan,Asia,903599,20308.0,820374,62917,4763.0,4021,90.0,12837818.0,57133.0,224699957,"CanSino, Sinopharm/Beijing, Sinovac, Sputnik V",2931064.0,1.33,964227.0,0.44,1.74,3836291.0,1.7072949417609369,7.038571508024183,0.4021358134928348,2.2474571131663494,0.00903782994493408,0.028000450396169857,0.0021197155814319983,0.42911757210527635
151,Panama,North America,374121,6331.0,361903,5887,105.0,85511,1447.0,2584254.0,590668.0,4375139,"Oxford/AstraZeneca, Pfizer/BioNTech",570640.0,13.23,292685.0,6.78,20.01,863325.0,19.73251592692255,14.476943829824776,8.551065463291566,1.692233261431462,0.14470397397659823,0.13455572497239515,0.0023999237509939684,6.689730314853997
152,Papua New Guinea,Australia/Oceania,14910,154.0,13801,955,,1639,17.0,110286.0,12123.0,9097502,"Oxford/AstraZeneca, Sinopharm/Beijing",11537.0,0.13,,,0.13,11537.0,0.1268150312030709,13.51939502747402,0.16389114286537118,1.0328638497652582,0.001692772367623552,0.010497387084938262,,
153,Paraguay,South America,332971,8360.0,274920,49691,564.0,46179,1159.0,1237620.0,171641.0,7210500,Sputnik V,206769.0,2.9,33815.0,0.47,3.37,240584.0,3.336578600651827,26.90413858858131,4.61786283891547,2.510729162599746,0.11594202898550725,0.6891477706123015,0.007821926357395466,0.4689688648498717
154,Peru,South America,1925289,68053.0,1720665,136571,2669.0,57677,2039.0,12482876.0,373959.0,33380341,"Oxford/AstraZeneca, Pfizer/BioNTech, Sinopharm/Beijing",1885295.0,5.72,818181.0,2.48,8.2,2703476.0,8.099006538009903,15.42344088013051,5.767733169652161,3.534690116652617,0.20387149430258966,0.40913602410472677,0.007995724189875712,2.451086404419895
155,Philippines,Asia,1179812,19951.0,1109226,50635,1819.0,10641,180.0,12998227.0,117229.0,110878477,"Oxford/AstraZeneca, Pfizer/BioNTech, Sinovac, Sputnik V",2512942.0,2.29,786528.0,0.72,3.01,3299470.0,2.975753355630958,9.076714847340334,1.0640586269957515,1.6910321305428322,0.017993573270311064,0.04566711355532057,0.0016405347991928136,0.7093603928199699
156,Poland,Europe,2865622,72928.0,2624724,167970,1138.0,75791,1929.0,15506202.0,410113.0,37809584,"Johnson&Johnson, Moderna, Oxford/AstraZeneca, Pfizer/BioNTech",11868779.0,31.36,4794334.0,12.67,43.26,16372436.0,43.302343659745105,18.48048929067221,7.579088942105261,2.5449274188989337,0.19288231259037392,0.44425244139157943,0.003009818886132151,12.680208277351054
157,Portugal,Europe,845224,17017.0,805692,22515,58.0,83108,1673.0,11431350.0,1124011.0,10170139,"Moderna, Oxford/AstraZeneca, Pfizer/BioNTech",3358063.0,32.93,1451138.0,14.23,47.16,4809225.0,47.28770177084108,7.393912355058677,8.310840195989455,2.0133124473512347,0.16732318014532543,0.22138340488758315,0.0005702970234723439,14.268615207717417
158,Qatar,Asia,215443,544.0,210942,3957,150.0,76730,194.0,1995242.0,710606.0,2807805,Pfizer/BioNTech,1240202.0,43.05,910547.0,31.6,74.65,2150749.0,76.59894472728698,10.797838056736978,7.673004357496336,0.25250298222731765,0.019374564829110284,0.1409285901264511,0.005342251331556145,32.42913948796302
159,Reunion,Africa,23566,176.0,21709,1681,31.0,26155,195.0,102720.0,114006.0,901007,,,,,,,,,22.94197819314642,2.61551797044862,0.746838665874565,0.019533699516207977,0.18656902776560005,0.0034405948011502685,
160,Romania,Europe,1075543,29941.0,1032888,12714,590.0,56244,1566.0,8865980.0,463632.0,19122895,"Johnson&Johnson, Moderna, Oxford/AstraZeneca, Pfizer/BioNTech",3997170.0,20.78,2972379.0,15.45,36.03,6931689.0,36.24811515202065,12.131123688526255,5.624373297034785,2.7838031580327334,0.1565714814624041,0.06648574915042937,0.003085306905675108,15.54356178810792
161,Russia,Europe,5001505,118482.0,4617762,265261,2300.0,34259,812.0,135700000.0,929514.0,145990337,"EpiVacCorona, Sputnik V",14718070.0,10.09,10144832.0,6.95,17.04,24862902.0,17.030512094783372,3.6857074428887246,3.4259151001206334,2.368926952987151,0.08115742619321442,0.18169764208435246,0.0015754467365877785,6.948974985926637
162,Rwanda,Africa,26688,349.0,25097,1242,2.0,2016,26.0,1406017.0,106221.0,13236715,"Moderna, Oxford/AstraZeneca, Pfizer/BioNTech",350400.0,2.71,,,2.71,350400.0,2.6471824769212,1.8981278320247905,0.20162102152988864,1.3077038369304557,0.002636605834604734,0.009382992683607677,1.510948902352283e-05,
163,Saint Barthelemy,North America,1005,1.0,462,542,,101474,101.0,26385.0,2664075.0,9904,,,,,,,,,3.8089823763501993,10.147415185783522,0.09950248756218906,0.010096930533117932,5.4725363489499195,,
164,Saint Helena,Africa,2,,2,0,,328,,,,6093,Oxford/AstraZeneca,3563.0,58.69,3528.0,58.11,116.8,7091.0,116.37945182996883,,0.03282455276546857,,,0.0,,57.90251107828656
165,Saint Kitts And Nevis,North America,50,,45,5,,934,,14423.0,269418.0,53534,,,,,,,,,0.34666851556541634,0.09339858781335227,,,0.009339858781335227,,
166,Saint Lucia,North America,4945,77.0,4626,242,1.0,26820,418.0,44255.0,240026.0,184376,Oxford/AstraZeneca,26905.0,14.65,17301.0,9.42,24.07,44206.0,23.97600555386818,11.173878657778783,2.682019351759448,1.557128412537917,0.04176248535601163,0.13125352540460797,0.0005423699396884627,9.383542326550094
167,Saint Martin,North America,1915,12.0,1399,504,7.0,48787,306.0,27588.0,702843.0,39252,,,,,,,,,6.941423807452515,4.878732293895853,0.6266318537859008,0.03057169061449098,1.2840110058086212,0.017833486191786405,
168,Saint Pierre And Miquelon,North America,25,,25,0,,4334,,5736.0,994280.0,5769,,,,,,,,,0.43584379358437936,0.43335066736002775,,,0.0,,
169,Saint Vincent And The Grenadines,North America,1973,12.0,1827,134,2.0,17734,108.0,48004.0,431481.0,111254,,,,,,,,,4.110074160486627,1.7734193826738813,0.6082108464267613,0.01078612903805706,0.12044510759163715,0.0017976881730095097,
170,Samoa,Australia/Oceania,3,,3,0,,15,,,,199589,Oxford/AstraZeneca,20553.0,10.36,,,10.36,20553.0,10.297661694782779,,0.0015030888475817807,,,0.0,,
171,San Marino,Europe,5087,90.0,4974,23,4.0,149640,2647.0,64241.0,1889719.0,33995,"Pfizer/BioNTech, Sputnik V",22609.0,66.62,18595.0,54.79,121.41,41204.0,121.20605971466392,7.918618950514469,14.96396528901309,1.7692156477295067,0.2647448154140315,0.06765700838358582,0.011766436240623622,54.699220473599055
172,Sao Tome And Principe,Africa,2338,37.0,2284,17,,10495,166.0,13418.0,60232.0,222773,,,,,,,,,17.42435534356834,1.0494988171816153,1.5825491873396065,0.016608835002446438,0.00763108635247539,,
173,Saudi Arabia,Asia,440914,7249.0,424690,8975,1344.0,12492,205.0,18526414.0,524890.0,35295803,"Oxford/AstraZeneca, Pfizer/BioNTech",,,,,35.12,12225726.0,34.63790298240275,2.3799209064420133,1.2491966821097682,1.6440847875095823,0.020537852616641133,0.02542795243955776,0.003807818170336003,
174,Senegal,Africa,41090,1132.0,39758,200,9.0,2398,66.0,507483.0,29617.0,17134692,Sinopharm/Beijing,434588.0,2.6,,,2.6,434588.0,2.5363047085993724,8.096822947763767,0.2398058862102686,2.7549282063762472,0.006606479999757217,0.001167222614798095,5.252501766591427e-05,
175,Serbia,Europe,709939,6777.0,687707,15455,66.0,81547,778.0,4077396.0,468348.0,8705910,"Oxford/AstraZeneca, Pfizer/BioNTech, Sinopharm/Beijing, Sputnik V",2338805.0,34.37,1845829.0,27.13,61.5,4184634.0,48.066589247993605,17.411578370116615,8.154678833114517,0.9545890562428603,0.07784367171266415,0.17752308489290608,0.0007581057006102751,21.202022534117628
176,Seychelles,Africa,9764,35.0,7826,1903,,98736,354.0,21504.0,217454.0,98890,"Oxford/AstraZeneca, Sinopharm/Beijing",69915.0,71.1,61631.0,62.67,133.77,131546.0,133.0225503084235,45.405505952380956,9.873596925877237,0.35845964768537486,0.03539286075437355,1.9243604004449388,,62.322782890079885
177,Sierra Leone,Africa,4121,79.0,3113,929,,507,10.0,153257.0,18872.0,8120945,Oxford/AstraZeneca,58250.0,0.73,6716.0,0.08,0.81,64966.0,0.7999807904129383,2.688947323776402,0.050745325821071316,1.917010434360592,0.0009727931909402169,0.01143955537194255,,0.08269973506777845
178,Singapore,Asia,61824,32.0,61294,498,3.0,10494,5.0,11064019.0,1878014.0,5891340,"Moderna, Pfizer/BioNTech",1966524.0,33.61,1440544.0,24.62,58.24,3407068.0,57.831800575081395,0.5587842898679043,1.0494047194695943,0.051759834368530024,0.0005431701446529992,0.0084530853761623,5.092220106121867e-05,24.451890401844064
179,Sint Maarten,North America,2366,27.0,2250,89,2.0,54631,623.0,28642.0,661341.0,43309,,,,,,,,,8.260596327072133,5.463067722644254,1.1411665257819104,0.06234270013161237,0.20550001154494446,0.004617977787526842,
180,Slovakia,Europe,388835,12292.0,373183,3360,125.0,71189,2250.0,2798074.0,512280.0,5462003,Pfizer/BioNTech,1480534.0,27.12,705034.0,12.91,40.03,2185568.0,40.01403880591058,13.896523108395275,7.118908576212792,3.1612380572736507,0.22504564717375658,0.06151589444385146,0.002288537739726617,12.907975334323325
181,Slovenia,Europe,251690,4353.0,241735,5602,96.0,121052,2094.0,1255096.0,603646.0,2079193,"Oxford/AstraZeneca, Pfizer/BioNTech",586942.0,28.23,306256.0,14.73,42.96,893198.0,42.95887875728708,20.053446110895106,12.105177345248853,1.7295085223886526,0.2093600738363394,0.26943145730098167,0.0046171759908772295,14.729560940230176
182,Solomon Islands,Australia/Oceania,20,,20,0,,28,,4500.0,6412.0,701811,Oxford/AstraZeneca,10800.0,1.57,3479.0,0.51,2.08,14279.0,2.0345933591807484,0.4444444444444444,0.0028497700947976022,,,0.0,,0.4957175079900429
183,Somalia,Africa,14632,767.0,6685,7180,,898,47.0,127435.0,7825.0,16285695,"Oxford/AstraZeneca, Sinopharm/Beijing, Sinovac",124471.0,0.78,,,0.78,124471.0,0.764296519123071,11.481931965315653,0.0898457204313356,5.241935483870968,0.0047096547000296885,0.04408777150744871,,
184,South Africa,Africa,1635465,55802.0,1539395,40268,546.0,27270,930.0,11354930.0,189331.0,59974013,Johnson&Johnson,558170.0,0.94,558170.0,0.94,0.94,558170.0,0.9306864291372332,14.403127099858828,2.726956090131904,3.4119959766794152,0.09304363208111487,0.06714241383180412,0.0009103943069475774,0.9306864291372332
185,South Korea,Asia,136467,1934.0,126427,8106,144.0,2660,38.0,9553613.0,186199.0,51308579,"Oxford/AstraZeneca, Pfizer/BioNTech",3760940.0,7.34,1273210.0,2.48,9.82,5034150.0,9.811517095415953,1.428433410480412,0.2659730646603953,1.4171924348010874,0.0037693501509757266,0.015798527571773132,0.0002806548199278721,2.481475856113653
186,South Sudan,Africa,10652,115.0,10462,75,,942,10.0,159088.0,14065.0,11310525,Oxford/AstraZeneca,6403.0,0.06,,,0.06,6403.0,0.0566109884377604,6.695665292165343,0.09417776805232295,1.079609463011641,0.0010167520959460325,0.0006630991930082821,,
187,Spain,Europe,3636453,79620.0,3356272,200561,1655.0,77750,1702.0,48928535.0,1046131.0,46770949,"Johnson&Johnson, Moderna, Oxford/AstraZeneca, Pfizer/BioNTech",15741247.0,33.67,7469173.0,15.98,49.14,22973955.0,49.12013865701121,7.43217224877058,7.7750250481340455,2.189496193131054,0.17023387744388083,0.4288153314999018,0.00353852131587067,15.969684515060834
188,Sri Lanka,Asia,164201,1210.0,128607,34384,,7640,56.0,3277624.0,152495.0,21493336,"Oxford/AstraZeneca, Sinopharm/Beijing",1383082.0,6.46,300121.0,1.4,7.86,1683203.0,7.831278494878599,5.009757067924814,0.7639623741982166,0.7369017241064305,0.005629651906991079,0.15997516625618285,,1.3963444297339418
189,State Of Palestine,Asia,305201,3459.0,297201,4541,59.0,58619,664.0,1800908.0,345893.0,5206551,,,,,,,,,16.94706225970455,5.8618651771585455,1.1333514634617843,0.06643553477148308,0.08721704637100453,0.001133187785925846,
190,Sudan,Africa,35189,2568.0,27949,4672,,786,57.0,232965.0,5205.0,44756902,"Oxford/AstraZeneca, Pfizer/BioNTech, Sinopharm/Beijing, Sinovac",204838.0,0.47,85662.0,0.2,0.66,290500.0,0.6490619033462147,15.10484407529028,0.07862251055714267,7.297735087669442,0.005737662539735212,0.010438613467929483,,0.19139394411168137
191,Suriname,South America,13111,249.0,10785,2077,32.0,22173,421.0,58861.0,99543.0,591314,Oxford/AstraZeneca,54837.0,9.35,2525.0,0.43,9.78,57362.0,9.700768119814516,22.274511136406108,2.2172652769932726,1.8991686370223477,0.042109606740242916,0.3512516192750383,0.005411676368223989,0.42701508843017416
192,Swaziland,Africa,18551,672.0,17833,46,3.0,15844,574.0,204816.0,174928.0,1170860,,,,,,,,,9.057397859542224,1.5843909604905795,3.6224462293137836,0.05739371060587944,0.003928736142664366,0.00025622192234767604,
193,Sweden,Europe,1058341,14366.0,929372,114603,253.0,104215,1415.0,9762557.0,961316.0,10155405,"Oxford/AstraZeneca, Pfizer/BioNTech",3329463.0,32.97,1032637.0,10.22,43.19,4362100.0,42.953481421961996,10.840817625955987,10.421455372779324,1.3574074896465318,0.1414616157602774,1.1284926598200662,0.00249128419792219,10.16834877584892
194,Switzerland,Europe,687353,10776.0,631406,45171,151.0,78906,1237.0,7460843.0,856482.0,8711028,"Moderna, Pfizer/BioNTech",2436749.0,28.16,1236827.0,14.29,42.45,3673576.0,42.17155541228888,9.212806113196592,7.890607170588821,1.5677533959988537,0.1237052618818353,0.5185495902435395,0.0017334349057309883,14.198404597023451
195,Syria,Asia,24117,1734.0,21549,834,,1349,97.0,103566.0,5793.0,17877429,Sputnik V,2500.0,0.01,,,0.01,2500.0,0.01398411371120534,23.286599849371413,0.13490194814925568,7.189948998631671,0.009699381270092025,0.004665100334058102,,
196,Taiwan,Asia,4322,23.0,1133,3166,,181,,610865.0,25607.0,23855252,Oxford/AstraZeneca,32389.0,0.14,,,1.11,264589.0,1.1091435965547545,0.7075213017606181,0.018117603620368378,0.5321610365571494,9.6414827225468e-05,0.013271710565036161,,
197,Tajikistan,Asia,13308,90.0,13218,0,,1368,9.0,,,9727619,Oxford/AstraZeneca,70517.0,0.74,,,0.74,70517.0,0.7249153158650643,,0.13680634490310528,0.6762849413886384,0.000925200709443904,0.0,,
198,Tanzania,Africa,509,21.0,183,305,7.0,8,,,,61239899,,,,,,,,,,0.0008311574779050501,4.12573673870334,3.429136942240875e-05,0.0004980413178016508,1.1430456474136248e-05,
199,Thailand,Asia,132213,806.0,86100,45307,1258.0,1890,12.0,8124896.0,116142.0,69956283,"Oxford/AstraZeneca, Sinovac",1647871.0,2.36,892245.0,1.28,3.64,2540116.0,3.631004809103423,1.6272577519761484,0.18899374628008753,0.6096223518110927,0.001152148120848559,0.06476473314055294,0.0017982659255924161,1.2754322581718642
200,Timor Leste,Asia,5637,13.0,3082,2542,,4204,10.0,88932.0,66331.0,1340740,,,,,,,,,6.338550802860612,0.4204394588063308,0.23061912364733014,0.0009696137953667378,0.18959678983248057,,
201,Togo,Africa,13374,125.0,12278,971,,1583,15.0,328704.0,38897.0,8450733,Oxford/AstraZeneca,276000.0,3.33,,,3.33,276000.0,3.2659888793078657,4.0687061915887845,0.15825846112993985,0.9346493195752954,0.0014791616301213161,0.011490127542782384,,
202,Trinidad And Tobago,North America,20017,375.0,11480,8162,21.0,14262,267.0,165776.0,118113.0,1403532,,,,,,,,,12.074727342920568,1.426187646594449,1.8734076035369935,0.026718307812005713,0.5815328756309083,0.00149622523747232,
203,Tunisia,Africa,335345,12236.0,295789,27320,445.0,28112,1026.0,1430192.0,119895.0,11928725,"Pfizer/BioNTech, Sinovac, Sputnik V",450177.0,3.81,205900.0,1.74,5.55,656077.0,5.499975898513881,23.44755109803439,2.81123925650059,3.6487796150233343,0.10257592492072706,0.22902699156867143,0.0037304908948777005,1.7260855623715023
204,Turkey,Asia,5186487,46268.0,5024313,115906,1843.0,60912,543.0,52377678.0,615144.0,85147010,"Pfizer/BioNTech, Sinovac",15366071.0,18.22,11455389.0,13.58,31.8,26821460.0,31.50017833861694,9.902094170726699,6.091214477173068,0.8920874572711741,0.054338960346346867,0.1361245685550203,0.0021644917419883563,13.453659735086411
205,Turks And Caicos Islands,North America,2408,17.0,2379,12,2.0,61455,434.0,76225.0,1945359.0,39183,,,,,,,,,3.1590685470646114,6.145522292831075,0.7059800664451827,0.04338616236633234,0.030625526376234592,0.005104254396039099,
206,UK,Europe,4462538,127721.0,4301451,33366,123.0,65429,1873.0,174655862.0,2560786.0,68204010,"Moderna, Oxford/AstraZeneca, Pfizer/BioNTech",36985505.0,54.48,20870453.0,30.74,85.23,57855958.0,84.82779531584727,2.5550462199774318,6.542926141732722,2.862070866399345,0.18726318291255895,0.048920877232878246,0.00018034130251285812,30.600038032954366
207,USA,North America,33896660,604087.0,27502255,5790318,6980.0,101873,1816.0,473304856.0,1422476.0,332733197,"Johnson&Johnson, Moderna, Pfizer/BioNTech",159174963.0,47.59,125453423.0,37.51,82.91,277290173.0,83.33709275182422,7.161697069087328,10.187339377501308,1.7821431374064582,0.18155296960044537,1.740228523095037,0.002097776856332132,37.703909357742866
208,Uganda,Africa,43734,356.0,42880,498,24.0,930,8.0,1079370.0,22957.0,47017963,Oxford/AstraZeneca,466823.0,1.02,,,1.02,466823.0,0.9928609625219196,4.051807999110593,0.0930155140919227,0.8140119815246719,0.0007571574293850203,0.0010591696624543262,5.10443210821362e-05,
209,Ukraine,Europe,2183855,49436.0,1957561,176858,177.0,50205,1136.0,10022457.0,230408.0,43498771,"Oxford/AstraZeneca, Pfizer/BioNTech, Sinovac",964745.0,2.21,48070.0,0.11,2.32,1012815.0,2.3283761281439426,21.78961705697515,5.02049816533897,2.2637034052169214,0.11364918792763133,0.4065816020411243,0.00040690804804577123,0.11050886931954929
210,United Arab Emirates,Asia,556107,1651.0,536050,18406,,55629,165.0,48607275.0,4862312.0,9996742,"Oxford/AstraZeneca, Pfizer/BioNTech, Sinopharm/Beijing, Sinopharm/Wuhan, Sputnik V",5081853.0,51.38,3836521.0,38.79,118.34,11704191.0,117.08005468181533,1.1440818272573396,5.562882387081711,0.29688531163966647,0.016515380711035657,0.18411998629153378,,38.377713459044955
211,Uruguay,South America,265098,3871.0,227531,33696,495.0,76080,1111.0,2113069.0,606425.0,3484471,"Oxford/AstraZeneca, Pfizer/BioNTech, Sinovac",1482956.0,42.69,961943.0,27.69,70.38,2444899.0,70.16557176110807,12.545638594858946,7.607984110070079,1.4602147130495138,0.11109290334171242,0.9670334463968849,0.01420588663243287,27.606572131035097
212,Uzbekistan,Asia,98657,680.0,94143,3834,23.0,2910,20.0,1377915.0,40646.0,33900519,"Oxford/AstraZeneca, RBD-Dimer, Sputnik V",1125995.0,3.36,286317.0,0.86,4.22,1412312.0,4.1660483133016335,7.15987560916312,0.29101914339423535,0.6892567177189657,0.002005868995692957,0.011309561366892347,6.784556897196766e-05,0.8445799900585593
213,Vanuatu,Australia/Oceania,4,1.0,3,0,,13,3.0,23000.0,73363.0,313508,,,,,,,,,0.017391304347826087,0.0012758845069344323,25.0,0.00031897112673360807,0.0,,
214,Venezuela,South America,223345,2513.0,206921,13911,316.0,7874,89.0,3359014.0,118426.0,28363937,Sputnik V,316000.0,1.11,,,1.11,316000.0,1.114090755454717,6.649123820263923,0.7874259486614993,1.1251651033154983,0.008859841988790203,0.04904467246560307,0.001114090755454717,
215,Viet Nam,Asia,5308,43.0,2721,2544,,54,,3091540.0,31508.0,98118710,,,,,,,,,0.1716943659147221,0.005409773528412674,0.8100979653353428,4.3824465282921064e-05,0.0025927776669709577,,
216,Wallis And Futuna Islands,Australia/Oceania,445,7.0,438,0,1.0,40228,633.0,18986.0,1716326.0,11062,,,,,,,,,2.343832297482355,4.022780690652685,1.5730337078651686,0.06327969625745797,0.0,0.00903995660820828,
217,Western Sahara,Africa,10,1.0,8,1,,16,2.0,,,610353,,,,,,,,,,0.001638396141249408,10.0,0.0001638396141249408,0.0001638396141249408,,
218,Yemen,Asia,6658,1307.0,3245,2106,23.0,219,43.0,57977.0,1907.0,30408590,Oxford/AstraZeneca,18555.0,0.06,,,0.06,18555.0,0.061018942344909774,11.483864291011953,0.021895128975069216,19.630519675578253,0.004298127601444197,0.006925674620230665,7.563652244316491e-05,
219,Zambia,Africa,93201,1268.0,91156,777,51.0,4947,67.0,1511541.0,80232.0,18839654,Oxford/AstraZeneca,120209.0,0.65,,,0.65,120209.0,0.6380637351407834,6.165959110603021,0.49470653760414074,1.3605004238151952,0.006730484540745812,0.0041242795647945555,0.00027070560850002873,
220,Zimbabwe,Africa,38682,1586.0,36453,643,1.0,2569,105.0,459484.0,30520.0,15055310,Sinopharm/Beijing,605556.0,4.07,239128.0,1.61,5.68,844684.0,5.610538740152146,8.418573878524606,0.25693260384542066,4.100098236906055,0.01053448916030291,0.004270918367008053,6.64217475428935e-06,1.5883299646437037
